timestamp,day,shift,line,lot_id,subgroup,measurement,is_defect,opportunities
2025-09-01 08:00:00,2025-09-01,A,Line-1,LOT20250901-01,1,10.0993,0,1
2025-09-01 08:00:00,2025-09-01,A,Line-1,LOT20250901-01,1,9.9723,0,1
2025-09-01 08:00:00,2025-09-01,A,Line-1,LOT20250901-01,1,10.1295,0,1
2025-09-01 08:00:00,2025-09-01,A,Line-1,LOT20250901-01,1,10.3046,0,1
2025-09-01 08:00:00,2025-09-01,A,Line-1,LOT20250901-01,1,9.9532,0,1
2025-09-01 10:00:00,2025-09-01,B,Line-2,LOT20250901-02,2,9.9532,0,1
2025-09-01 10:00:00,2025-09-01,B,Line-2,LOT20250901-02,2,10.3158,0,1
2025-09-01 10:00:00,2025-09-01,B,Line-2,LOT20250901-02,2,10.1535,0,1
2025-09-01 10:00:00,2025-09-01,B,Line-2,LOT20250901-02,2,9.9061,0,1
2025-09-01 10:00:00,2025-09-01,B,Line-2,LOT20250901-02,2,10.1085,0,1
2025-09-01 12:00:00,2025-09-01,A,Line-1,LOT20250901-03,3,9.9073,0,1
2025-09-01 12:00:00,2025-09-01,A,Line-1,LOT20250901-03,3,9.9069,0,1
2025-09-01 12:00:00,2025-09-01,A,Line-1,LOT20250901-03,3,10.0484,0,1
2025-09-01 12:00:00,2025-09-01,A,Line-1,LOT20250901-03,3,9.6173,0,1
2025-09-01 12:00:00,2025-09-01,A,Line-1,LOT20250901-03,3,9.655,0,1
2025-09-01 14:00:00,2025-09-01,B,Line-2,LOT20250901-04,4,9.8875,0,1
2025-09-01 14:00:00,2025-09-01,B,Line-2,LOT20250901-04,4,9.7974,0,1
2025-09-01 14:00:00,2025-09-01,B,Line-2,LOT20250901-04,4,10.0628,0,1
2025-09-01 14:00:00,2025-09-01,B,Line-2,LOT20250901-04,4,9.8184,0,1
2025-09-01 14:00:00,2025-09-01,B,Line-2,LOT20250901-04,4,9.7175,0,1
2025-09-02 08:00:00,2025-09-02,A,Line-1,LOT20250902-01,5,10.2931,0,1
2025-09-02 08:00:00,2025-09-02,A,Line-1,LOT20250902-01,5,9.9548,0,1
2025-09-02 08:00:00,2025-09-02,A,Line-1,LOT20250902-01,5,10.0135,0,1
2025-09-02 08:00:00,2025-09-02,A,Line-1,LOT20250902-01,5,9.7151,0,1
2025-09-02 08:00:00,2025-09-02,A,Line-1,LOT20250902-01,5,9.8911,0,1
2025-09-02 10:00:00,2025-09-02,B,Line-2,LOT20250902-02,6,10.0222,0,1
2025-09-02 10:00:00,2025-09-02,B,Line-2,LOT20250902-02,6,9.7698,0,1
2025-09-02 10:00:00,2025-09-02,B,Line-2,LOT20250902-02,6,10.0751,0,1
2025-09-02 10:00:00,2025-09-02,B,Line-2,LOT20250902-02,6,9.8799,0,1
2025-09-02 10:00:00,2025-09-02,B,Line-2,LOT20250902-02,6,9.9417,0,1
2025-09-02 12:00:00,2025-09-02,A,Line-1,LOT20250902-03,7,9.8797,0,1
2025-09-02 12:00:00,2025-09-02,A,Line-1,LOT20250902-03,7,10.3705,0,1
2025-09-02 12:00:00,2025-09-02,A,Line-1,LOT20250902-03,7,9.9973,0,1
2025-09-02 12:00:00,2025-09-02,A,Line-1,LOT20250902-03,7,9.7885,0,1
2025-09-02 12:00:00,2025-09-02,A,Line-1,LOT20250902-03,7,10.1645,0,1
2025-09-02 14:00:00,2025-09-02,B,Line-2,LOT20250902-04,8,9.7558,0,1
2025-09-02 14:00:00,2025-09-02,B,Line-2,LOT20250902-04,8,10.0418,0,1
2025-09-02 14:00:00,2025-09-02,B,Line-2,LOT20250902-04,8,9.6081,0,1
2025-09-02 14:00:00,2025-09-02,B,Line-2,LOT20250902-04,8,9.7344,0,1
2025-09-02 14:00:00,2025-09-02,B,Line-2,LOT20250902-04,8,10.0394,0,1
2025-09-03 08:00:00,2025-09-03,A,Line-1,LOT20250903-01,9,10.1477,0,1
2025-09-03 08:00:00,2025-09-03,A,Line-1,LOT20250903-01,9,10.0343,0,1
2025-09-03 08:00:00,2025-09-03,A,Line-1,LOT20250903-01,9,9.9769,0,1
2025-09-03 08:00:00,2025-09-03,A,Line-1,LOT20250903-01,9,9.9398,0,1
2025-09-03 08:00:00,2025-09-03,A,Line-1,LOT20250903-01,9,9.7043,0,1
2025-09-03 10:00:00,2025-09-03,B,Line-2,LOT20250903-02,10,9.856,0,1
2025-09-03 10:00:00,2025-09-03,B,Line-2,LOT20250903-02,10,9.9079,0,1
2025-09-03 10:00:00,2025-09-03,B,Line-2,LOT20250903-02,10,10.2114,0,1
2025-09-03 10:00:00,2025-09-03,B,Line-2,LOT20250903-02,10,10.0687,0,1
2025-09-03 10:00:00,2025-09-03,B,Line-2,LOT20250903-02,10,9.6474,0,1
2025-09-03 12:00:00,2025-09-03,A,Line-1,LOT20250903-03,11,10.0648,0,1
2025-09-03 12:00:00,2025-09-03,A,Line-1,LOT20250903-03,11,9.923,0,1
2025-09-03 12:00:00,2025-09-03,A,Line-1,LOT20250903-03,11,9.8646,0,1
2025-09-03 12:00:00,2025-09-03,A,Line-1,LOT20250903-03,11,10.1223,0,1
2025-09-03 12:00:00,2025-09-03,A,Line-1,LOT20250903-03,11,10.2062,0,1
2025-09-03 14:00:00,2025-09-03,B,Line-2,LOT20250903-04,12,10.1863,0,1
2025-09-03 14:00:00,2025-09-03,B,Line-2,LOT20250903-04,12,9.8322,0,1
2025-09-03 14:00:00,2025-09-03,B,Line-2,LOT20250903-04,12,9.9382,0,1
2025-09-03 14:00:00,2025-09-03,B,Line-2,LOT20250903-04,12,10.0663,0,1
2025-09-03 14:00:00,2025-09-03,B,Line-2,LOT20250903-04,12,10.1951,0,1
2025-09-04 08:00:00,2025-09-04,A,Line-1,LOT20250904-01,13,9.9042,0,1
2025-09-04 08:00:00,2025-09-04,A,Line-1,LOT20250904-01,13,9.9629,0,1
2025-09-04 08:00:00,2025-09-04,A,Line-1,LOT20250904-01,13,9.7787,0,1
2025-09-04 08:00:00,2025-09-04,A,Line-1,LOT20250904-01,13,9.7608,0,1
2025-09-04 08:00:00,2025-09-04,A,Line-1,LOT20250904-01,13,10.1625,0,1
2025-09-04 10:00:00,2025-09-04,B,Line-2,LOT20250904-02,14,10.2712,0,1
2025-09-04 10:00:00,2025-09-04,B,Line-2,LOT20250904-02,14,9.9856,0,1
2025-09-04 10:00:00,2025-09-04,B,Line-2,LOT20250904-02,14,10.2007,0,1
2025-09-04 10:00:00,2025-09-04,B,Line-2,LOT20250904-02,14,10.0723,0,1
2025-09-04 10:00:00,2025-09-04,B,Line-2,LOT20250904-02,14,9.871,0,1
2025-09-04 12:00:00,2025-09-04,A,Line-1,LOT20250904-03,15,10.0723,0,1
2025-09-04 12:00:00,2025-09-04,A,Line-1,LOT20250904-03,15,10.3076,0,1
2025-09-04 12:00:00,2025-09-04,A,Line-1,LOT20250904-03,15,9.9928,0,1
2025-09-04 12:00:00,2025-09-04,A,Line-1,LOT20250904-03,15,10.3129,0,1
2025-09-04 12:00:00,2025-09-04,A,Line-1,LOT20250904-03,15,9.4761,1,1
2025-09-04 14:00:00,2025-09-04,B,Line-2,LOT20250904-04,16,10.1644,0,1
2025-09-04 14:00:00,2025-09-04,B,Line-2,LOT20250904-04,16,10.0174,0,1
2025-09-04 14:00:00,2025-09-04,B,Line-2,LOT20250904-04,16,9.9402,0,1
2025-09-04 14:00:00,2025-09-04,B,Line-2,LOT20250904-04,16,10.0184,0,1
2025-09-04 14:00:00,2025-09-04,B,Line-2,LOT20250904-04,16,9.6025,0,1
2025-09-05 08:00:00,2025-09-05,A,Line-1,LOT20250905-01,17,9.9561,0,1
2025-09-05 08:00:00,2025-09-05,A,Line-1,LOT20250905-01,17,10.0714,0,1
2025-09-05 08:00:00,2025-09-05,A,Line-1,LOT20250905-01,17,10.2956,0,1
2025-09-05 08:00:00,2025-09-05,A,Line-1,LOT20250905-01,17,9.8963,0,1
2025-09-05 08:00:00,2025-09-05,A,Line-1,LOT20250905-01,17,9.8383,0,1
2025-09-05 10:00:00,2025-09-05,B,Line-2,LOT20250905-02,18,9.8996,0,1
2025-09-05 10:00:00,2025-09-05,B,Line-2,LOT20250905-02,18,10.1831,0,1
2025-09-05 10:00:00,2025-09-05,B,Line-2,LOT20250905-02,18,10.0658,0,1
2025-09-05 10:00:00,2025-09-05,B,Line-2,LOT20250905-02,18,9.894,0,1
2025-09-05 10:00:00,2025-09-05,B,Line-2,LOT20250905-02,18,10.1027,0,1
2025-09-05 12:00:00,2025-09-05,A,Line-1,LOT20250905-03,19,10.0194,0,1
2025-09-05 12:00:00,2025-09-05,A,Line-1,LOT20250905-03,19,10.1937,0,1
2025-09-05 12:00:00,2025-09-05,A,Line-1,LOT20250905-03,19,9.8596,0,1
2025-09-05 12:00:00,2025-09-05,A,Line-1,LOT20250905-03,19,9.9345,0,1
2025-09-05 12:00:00,2025-09-05,A,Line-1,LOT20250905-03,19,9.9216,0,1
2025-09-05 14:00:00,2025-09-05,B,Line-2,LOT20250905-04,20,9.7073,0,1
2025-09-05 14:00:00,2025-09-05,B,Line-2,LOT20250905-04,20,10.0592,0,1
2025-09-05 14:00:00,2025-09-05,B,Line-2,LOT20250905-04,20,10.0522,0,1
2025-09-05 14:00:00,2025-09-05,B,Line-2,LOT20250905-04,20,10.001,0,1
2025-09-05 14:00:00,2025-09-05,B,Line-2,LOT20250905-04,20,9.9531,0,1
2025-09-06 08:00:00,2025-09-06,A,Line-1,LOT20250906-01,21,9.7169,0,1
2025-09-06 08:00:00,2025-09-06,A,Line-1,LOT20250906-01,21,9.9159,0,1
2025-09-06 08:00:00,2025-09-06,A,Line-1,LOT20250906-01,21,9.9315,0,1
2025-09-06 08:00:00,2025-09-06,A,Line-1,LOT20250906-01,21,9.8395,0,1
2025-09-06 08:00:00,2025-09-06,A,Line-1,LOT20250906-01,21,9.9677,0,1
2025-09-06 10:00:00,2025-09-06,B,Line-2,LOT20250906-02,22,10.0808,0,1
2025-09-06 10:00:00,2025-09-06,B,Line-2,LOT20250906-02,22,10.3772,0,1
2025-09-06 10:00:00,2025-09-06,B,Line-2,LOT20250906-02,22,10.0349,0,1
2025-09-06 10:00:00,2025-09-06,B,Line-2,LOT20250906-02,22,10.0515,0,1
2025-09-06 10:00:00,2025-09-06,B,Line-2,LOT20250906-02,22,9.9851,0,1
2025-09-06 12:00:00,2025-09-06,A,Line-1,LOT20250906-03,23,9.6162,0,1
2025-09-06 12:00:00,2025-09-06,A,Line-1,LOT20250906-03,23,9.9947,0,1
2025-09-06 12:00:00,2025-09-06,A,Line-1,LOT20250906-03,23,10.012,0,1
2025-09-06 12:00:00,2025-09-06,A,Line-1,LOT20250906-03,23,10.4926,0,1
2025-09-06 12:00:00,2025-09-06,A,Line-1,LOT20250906-03,23,9.9615,0,1
2025-09-06 14:00:00,2025-09-06,B,Line-2,LOT20250906-04,24,10.0603,0,1
2025-09-06 14:00:00,2025-09-06,B,Line-2,LOT20250906-04,24,9.9931,0,1
2025-09-06 14:00:00,2025-09-06,B,Line-2,LOT20250906-04,24,9.7663,0,1
2025-09-06 14:00:00,2025-09-06,B,Line-2,LOT20250906-04,24,10.2286,0,1
2025-09-06 14:00:00,2025-09-06,B,Line-2,LOT20250906-04,24,10.1504,0,1
2025-09-07 08:00:00,2025-09-07,A,Line-1,LOT20250907-01,25,10.1582,0,1
2025-09-07 08:00:00,2025-09-07,A,Line-1,LOT20250907-01,25,9.8181,0,1
2025-09-07 08:00:00,2025-09-07,A,Line-1,LOT20250907-01,25,10.2806,0,1
2025-09-07 08:00:00,2025-09-07,A,Line-1,LOT20250907-01,25,9.7196,0,1
2025-09-07 08:00:00,2025-09-07,A,Line-1,LOT20250907-01,25,10.1174,0,1
2025-09-07 10:00:00,2025-09-07,B,Line-2,LOT20250907-02,26,10.4381,0,1
2025-09-07 10:00:00,2025-09-07,B,Line-2,LOT20250907-02,26,9.8019,0,1
2025-09-07 10:00:00,2025-09-07,B,Line-2,LOT20250907-02,26,9.8867,0,1
2025-09-07 10:00:00,2025-09-07,B,Line-2,LOT20250907-02,26,10.0199,0,1
2025-09-07 10:00:00,2025-09-07,B,Line-2,LOT20250907-02,26,9.8993,0,1
2025-09-07 12:00:00,2025-09-07,A,Line-1,LOT20250907-03,27,9.6899,0,1
2025-09-07 12:00:00,2025-09-07,A,Line-1,LOT20250907-03,27,10.0137,0,1
2025-09-07 12:00:00,2025-09-07,A,Line-1,LOT20250907-03,27,9.7875,0,1
2025-09-07 12:00:00,2025-09-07,A,Line-1,LOT20250907-03,27,10.0947,0,1
2025-09-07 12:00:00,2025-09-07,A,Line-1,LOT20250907-03,27,9.8161,0,1
2025-09-07 14:00:00,2025-09-07,B,Line-2,LOT20250907-04,28,10.31,0,1
2025-09-07 14:00:00,2025-09-07,B,Line-2,LOT20250907-04,28,9.8433,0,1
2025-09-07 14:00:00,2025-09-07,B,Line-2,LOT20250907-04,28,9.9356,0,1
2025-09-07 14:00:00,2025-09-07,B,Line-2,LOT20250907-04,28,10.1627,0,1
2025-09-07 14:00:00,2025-09-07,B,Line-2,LOT20250907-04,28,9.7538,0,1
2025-09-08 08:00:00,2025-09-08,A,Line-1,LOT20250908-01,29,10.0455,0,1
2025-09-08 08:00:00,2025-09-08,A,Line-1,LOT20250908-01,29,10.2614,0,1
2025-09-08 08:00:00,2025-09-08,A,Line-1,LOT20250908-01,29,9.6785,0,1
2025-09-08 08:00:00,2025-09-08,A,Line-1,LOT20250908-01,29,10.0369,0,1
2025-09-08 08:00:00,2025-09-08,A,Line-1,LOT20250908-01,29,10.052,0,1
2025-09-08 10:00:00,2025-09-08,B,Line-2,LOT20250908-02,30,10.1564,0,1
2025-09-08 10:00:00,2025-09-08,B,Line-2,LOT20250908-02,30,9.7526,0,1
2025-09-08 10:00:00,2025-09-08,B,Line-2,LOT20250908-02,30,9.7359,0,1
2025-09-08 10:00:00,2025-09-08,B,Line-2,LOT20250908-02,30,10.1044,0,1
2025-09-08 10:00:00,2025-09-08,B,Line-2,LOT20250908-02,30,10.0594,0,1
2025-09-08 12:00:00,2025-09-08,A,Line-1,LOT20250908-03,31,10.0501,0,1
2025-09-08 12:00:00,2025-09-08,A,Line-1,LOT20250908-03,31,10.0693,0,1
2025-09-08 12:00:00,2025-09-08,A,Line-1,LOT20250908-03,31,9.864,0,1
2025-09-08 12:00:00,2025-09-08,A,Line-1,LOT20250908-03,31,10.0465,0,1
2025-09-08 12:00:00,2025-09-08,A,Line-1,LOT20250908-03,31,10.0586,0,1
2025-09-08 14:00:00,2025-09-08,B,Line-2,LOT20250908-04,32,9.8571,0,1
2025-09-08 14:00:00,2025-09-08,B,Line-2,LOT20250908-04,32,10.3732,0,1
2025-09-08 14:00:00,2025-09-08,B,Line-2,LOT20250908-04,32,10.0948,0,1
2025-09-08 14:00:00,2025-09-08,B,Line-2,LOT20250908-04,32,9.7617,0,1
2025-09-08 14:00:00,2025-09-08,B,Line-2,LOT20250908-04,32,10.1313,0,1
2025-09-09 08:00:00,2025-09-09,A,Line-1,LOT20250909-01,33,9.8051,0,1
2025-09-09 08:00:00,2025-09-09,A,Line-1,LOT20250909-01,33,10.1574,0,1
2025-09-09 08:00:00,2025-09-09,A,Line-1,LOT20250909-01,33,10.2317,0,1
2025-09-09 08:00:00,2025-09-09,A,Line-1,LOT20250909-01,33,9.8359,0,1
2025-09-09 08:00:00,2025-09-09,A,Line-1,LOT20250909-01,33,10.1927,0,1
2025-09-09 10:00:00,2025-09-09,B,Line-2,LOT20250909-02,34,10.0826,0,1
2025-09-09 10:00:00,2025-09-09,B,Line-2,LOT20250909-02,34,10.1644,0,1
2025-09-09 10:00:00,2025-09-09,B,Line-2,LOT20250909-02,34,10.3794,0,1
2025-09-09 10:00:00,2025-09-09,B,Line-2,LOT20250909-02,34,9.9509,0,1
2025-09-09 10:00:00,2025-09-09,B,Line-2,LOT20250909-02,34,9.8493,0,1
2025-09-09 12:00:00,2025-09-09,A,Line-1,LOT20250909-03,35,9.8221,0,1
2025-09-09 12:00:00,2025-09-09,A,Line-1,LOT20250909-03,35,9.8368,0,1
2025-09-09 12:00:00,2025-09-09,A,Line-1,LOT20250909-03,35,9.9846,0,1
2025-09-09 12:00:00,2025-09-09,A,Line-1,LOT20250909-03,35,10.0682,0,1
2025-09-09 12:00:00,2025-09-09,A,Line-1,LOT20250909-03,35,10.0553,0,1
2025-09-09 14:00:00,2025-09-09,B,Line-2,LOT20250909-04,36,10.1654,0,1
2025-09-09 14:00:00,2025-09-09,B,Line-2,LOT20250909-04,36,10.0026,0,1
2025-09-09 14:00:00,2025-09-09,B,Line-2,LOT20250909-04,36,10.2907,0,1
2025-09-09 14:00:00,2025-09-09,B,Line-2,LOT20250909-04,36,9.9471,0,1
2025-09-09 14:00:00,2025-09-09,B,Line-2,LOT20250909-04,36,10.544,1,1
2025-09-10 08:00:00,2025-09-10,A,Line-1,LOT20250910-01,37,10.1251,0,1
2025-09-10 08:00:00,2025-09-10,A,Line-1,LOT20250910-01,37,9.8286,0,1
2025-09-10 08:00:00,2025-09-10,A,Line-1,LOT20250910-01,37,9.7858,0,1
2025-09-10 08:00:00,2025-09-10,A,Line-1,LOT20250910-01,37,10.0965,0,1
2025-09-10 08:00:00,2025-09-10,A,Line-1,LOT20250910-01,37,9.9553,0,1
2025-09-10 10:00:00,2025-09-10,B,Line-2,LOT20250910-02,38,10.1428,0,1
2025-09-10 10:00:00,2025-09-10,B,Line-2,LOT20250910-02,38,10.0946,0,1
2025-09-10 10:00:00,2025-09-10,B,Line-2,LOT20250910-02,38,9.9854,0,1
2025-09-10 10:00:00,2025-09-10,B,Line-2,LOT20250910-02,38,9.8306,0,1
2025-09-10 10:00:00,2025-09-10,B,Line-2,LOT20250910-02,38,9.697,0,1
2025-09-10 12:00:00,2025-09-10,A,Line-1,LOT20250910-03,39,9.9107,0,1
2025-09-10 12:00:00,2025-09-10,A,Line-1,LOT20250910-03,39,10.1713,0,1
2025-09-10 12:00:00,2025-09-10,A,Line-1,LOT20250910-03,39,10.0428,0,1
2025-09-10 12:00:00,2025-09-10,A,Line-1,LOT20250910-03,39,9.7509,0,1
2025-09-10 12:00:00,2025-09-10,A,Line-1,LOT20250910-03,39,10.0346,0,1
2025-09-10 14:00:00,2025-09-10,B,Line-2,LOT20250910-04,40,10.0771,0,1
2025-09-10 14:00:00,2025-09-10,B,Line-2,LOT20250910-04,40,9.8232,0,1
2025-09-10 14:00:00,2025-09-10,B,Line-2,LOT20250910-04,40,10.0307,0,1
2025-09-10 14:00:00,2025-09-10,B,Line-2,LOT20250910-04,40,10.0116,0,1
2025-09-10 14:00:00,2025-09-10,B,Line-2,LOT20250910-04,40,9.7714,0,1
2025-09-11 08:00:00,2025-09-11,A,Line-1,LOT20250911-01,41,10.0716,0,1
2025-09-11 08:00:00,2025-09-11,A,Line-1,LOT20250911-01,41,10.1122,0,1
2025-09-11 08:00:00,2025-09-11,A,Line-1,LOT20250911-01,41,10.2166,0,1
2025-09-11 08:00:00,2025-09-11,A,Line-1,LOT20250911-01,41,10.2108,0,1
2025-09-11 08:00:00,2025-09-11,A,Line-1,LOT20250911-01,41,9.7245,0,1
2025-09-11 10:00:00,2025-09-11,B,Line-2,LOT20250911-02,42,9.8124,0,1
2025-09-11 10:00:00,2025-09-11,B,Line-2,LOT20250911-02,42,10.103,0,1
2025-09-11 10:00:00,2025-09-11,B,Line-2,LOT20250911-02,42,10.1028,0,1
2025-09-11 10:00:00,2025-09-11,B,Line-2,LOT20250911-02,42,10.103,0,1
2025-09-11 10:00:00,2025-09-11,B,Line-2,LOT20250911-02,42,10.7705,1,1
2025-09-11 12:00:00,2025-09-11,A,Line-1,LOT20250911-03,43,10.1142,0,1
2025-09-11 12:00:00,2025-09-11,A,Line-1,LOT20250911-03,43,10.2271,0,1
2025-09-11 12:00:00,2025-09-11,A,Line-1,LOT20250911-03,43,10.1908,0,1
2025-09-11 12:00:00,2025-09-11,A,Line-1,LOT20250911-03,43,10.1303,0,1
2025-09-11 12:00:00,2025-09-11,A,Line-1,LOT20250911-03,43,9.9369,0,1
2025-09-11 14:00:00,2025-09-11,B,Line-2,LOT20250911-04,44,10.1518,0,1
2025-09-11 14:00:00,2025-09-11,B,Line-2,LOT20250911-04,44,9.8454,0,1
2025-09-11 14:00:00,2025-09-11,B,Line-2,LOT20250911-04,44,9.9526,0,1
2025-09-11 14:00:00,2025-09-11,B,Line-2,LOT20250911-04,44,9.9029,0,1
2025-09-11 14:00:00,2025-09-11,B,Line-2,LOT20250911-04,44,10.0164,0,1
2025-09-12 08:00:00,2025-09-12,A,Line-1,LOT20250912-01,45,10.4629,0,1
2025-09-12 08:00:00,2025-09-12,A,Line-1,LOT20250912-01,45,9.6265,0,1
2025-09-12 08:00:00,2025-09-12,A,Line-1,LOT20250912-01,45,10.1373,0,1
2025-09-12 08:00:00,2025-09-12,A,Line-1,LOT20250912-01,45,9.6775,0,1
2025-09-12 08:00:00,2025-09-12,A,Line-1,LOT20250912-01,45,9.9056,0,1
2025-09-12 10:00:00,2025-09-12,B,Line-2,LOT20250912-02,46,10.2178,0,1
2025-09-12 10:00:00,2025-09-12,B,Line-2,LOT20250912-02,46,10.0129,0,1
2025-09-12 10:00:00,2025-09-12,B,Line-2,LOT20250912-02,46,9.7845,0,1
2025-09-12 10:00:00,2025-09-12,B,Line-2,LOT20250912-02,46,9.8569,0,1
2025-09-12 10:00:00,2025-09-12,B,Line-2,LOT20250912-02,46,10.1359,0,1
2025-09-12 12:00:00,2025-09-12,A,Line-1,LOT20250912-03,47,9.8539,0,1
2025-09-12 12:00:00,2025-09-12,A,Line-1,LOT20250912-03,47,10.0433,0,1
2025-09-12 12:00:00,2025-09-12,A,Line-1,LOT20250912-03,47,10.0091,0,1
2025-09-12 12:00:00,2025-09-12,A,Line-1,LOT20250912-03,47,9.8697,0,1
2025-09-12 12:00:00,2025-09-12,A,Line-1,LOT20250912-03,47,10.4288,0,1
2025-09-12 14:00:00,2025-09-12,B,Line-2,LOT20250912-04,48,10.1268,0,1
2025-09-12 14:00:00,2025-09-12,B,Line-2,LOT20250912-04,48,9.595,0,1
2025-09-12 14:00:00,2025-09-12,B,Line-2,LOT20250912-04,48,10.0373,0,1
2025-09-12 14:00:00,2025-09-12,B,Line-2,LOT20250912-04,48,9.8676,0,1
2025-09-12 14:00:00,2025-09-12,B,Line-2,LOT20250912-04,48,10.1705,0,1
2025-09-13 08:00:00,2025-09-13,A,Line-1,LOT20250913-01,49,9.8415,0,1
2025-09-13 08:00:00,2025-09-13,A,Line-1,LOT20250913-01,49,9.9771,0,1
2025-09-13 08:00:00,2025-09-13,A,Line-1,LOT20250913-01,49,10.101,0,1
2025-09-13 08:00:00,2025-09-13,A,Line-1,LOT20250913-01,49,10.1732,0,1
2025-09-13 08:00:00,2025-09-13,A,Line-1,LOT20250913-01,49,9.7599,0,1
2025-09-13 10:00:00,2025-09-13,B,Line-2,LOT20250913-02,50,9.9331,0,1
2025-09-13 10:00:00,2025-09-13,B,Line-2,LOT20250913-02,50,9.905,0,1
2025-09-13 10:00:00,2025-09-13,B,Line-2,LOT20250913-02,50,9.8693,0,1
2025-09-13 10:00:00,2025-09-13,B,Line-2,LOT20250913-02,50,10.3531,0,1
2025-09-13 10:00:00,2025-09-13,B,Line-2,LOT20250913-02,50,10.081,0,1
2025-09-13 12:00:00,2025-09-13,A,Line-1,LOT20250913-03,51,9.7478,0,1
2025-09-13 12:00:00,2025-09-13,A,Line-1,LOT20250913-03,51,10.1836,0,1
2025-09-13 12:00:00,2025-09-13,A,Line-1,LOT20250913-03,51,10.4244,0,1
2025-09-13 12:00:00,2025-09-13,A,Line-1,LOT20250913-03,51,10.2065,0,1
2025-09-13 12:00:00,2025-09-13,A,Line-1,LOT20250913-03,51,9.6961,0,1
2025-09-13 14:00:00,2025-09-13,B,Line-2,LOT20250913-04,52,9.9032,0,1
2025-09-13 14:00:00,2025-09-13,B,Line-2,LOT20250913-04,52,10.2534,0,1
2025-09-13 14:00:00,2025-09-13,B,Line-2,LOT20250913-04,52,9.8585,0,1
2025-09-13 14:00:00,2025-09-13,B,Line-2,LOT20250913-04,52,10.0888,0,1
2025-09-13 14:00:00,2025-09-13,B,Line-2,LOT20250913-04,52,10.1549,0,1
2025-09-14 08:00:00,2025-09-14,A,Line-1,LOT20250914-01,53,9.8146,0,1
2025-09-14 08:00:00,2025-09-14,A,Line-1,LOT20250914-01,53,9.9881,0,1
2025-09-14 08:00:00,2025-09-14,A,Line-1,LOT20250914-01,53,9.3517,1,1
2025-09-14 08:00:00,2025-09-14,A,Line-1,LOT20250914-01,53,9.7951,0,1
2025-09-14 08:00:00,2025-09-14,A,Line-1,LOT20250914-01,53,9.9495,0,1
2025-09-14 10:00:00,2025-09-14,B,Line-2,LOT20250914-02,54,9.7504,0,1
2025-09-14 10:00:00,2025-09-14,B,Line-2,LOT20250914-02,54,10.3265,0,1
2025-09-14 10:00:00,2025-09-14,B,Line-2,LOT20250914-02,54,9.714,0,1
2025-09-14 10:00:00,2025-09-14,B,Line-2,LOT20250914-02,54,9.912,0,1
2025-09-14 10:00:00,2025-09-14,B,Line-2,LOT20250914-02,54,10.0261,0,1
2025-09-14 12:00:00,2025-09-14,A,Line-1,LOT20250914-03,55,10.2883,0,1
2025-09-14 12:00:00,2025-09-14,A,Line-1,LOT20250914-03,55,9.7128,0,1
2025-09-14 12:00:00,2025-09-14,A,Line-1,LOT20250914-03,55,10.2326,0,1
2025-09-14 12:00:00,2025-09-14,A,Line-1,LOT20250914-03,55,10.002,0,1
2025-09-14 12:00:00,2025-09-14,A,Line-1,LOT20250914-03,55,9.8037,0,1
2025-09-14 14:00:00,2025-09-14,B,Line-2,LOT20250914-04,56,10.0924,0,1
2025-09-14 14:00:00,2025-09-14,B,Line-2,LOT20250914-04,56,10.0398,0,1
2025-09-14 14:00:00,2025-09-14,B,Line-2,LOT20250914-04,56,9.88,0,1
2025-09-14 14:00:00,2025-09-14,B,Line-2,LOT20250914-04,56,10.014,0,1
2025-09-14 14:00:00,2025-09-14,B,Line-2,LOT20250914-04,56,9.9229,0,1
2025-09-15 08:00:00,2025-09-15,A,Line-1,LOT20250915-01,57,10.0227,0,1
2025-09-15 08:00:00,2025-09-15,A,Line-1,LOT20250915-01,57,10.1324,0,1
2025-09-15 08:00:00,2025-09-15,A,Line-1,LOT20250915-01,57,10.3172,0,1
2025-09-15 08:00:00,2025-09-15,A,Line-1,LOT20250915-01,57,9.7524,0,1
2025-09-15 08:00:00,2025-09-15,A,Line-1,LOT20250915-01,57,10.4266,0,1
2025-09-15 10:00:00,2025-09-15,B,Line-2,LOT20250915-02,58,9.6096,0,1
2025-09-15 10:00:00,2025-09-15,B,Line-2,LOT20250915-02,58,9.9696,0,1
2025-09-15 10:00:00,2025-09-15,B,Line-2,LOT20250915-02,58,10.1177,0,1
2025-09-15 10:00:00,2025-09-15,B,Line-2,LOT20250915-02,58,10.0562,0,1
2025-09-15 10:00:00,2025-09-15,B,Line-2,LOT20250915-02,58,9.8755,0,1
2025-09-15 12:00:00,2025-09-15,A,Line-1,LOT20250915-03,59,9.9584,0,1
2025-09-15 12:00:00,2025-09-15,A,Line-1,LOT20250915-03,59,9.9014,0,1
2025-09-15 12:00:00,2025-09-15,A,Line-1,LOT20250915-03,59,9.8821,0,1
2025-09-15 12:00:00,2025-09-15,A,Line-1,LOT20250915-03,59,10.1699,0,1
2025-09-15 12:00:00,2025-09-15,A,Line-1,LOT20250915-03,59,10.0714,0,1
2025-09-15 14:00:00,2025-09-15,B,Line-2,LOT20250915-04,60,9.8614,0,1
2025-09-15 14:00:00,2025-09-15,B,Line-2,LOT20250915-04,60,10.1799,0,1
2025-09-15 14:00:00,2025-09-15,B,Line-2,LOT20250915-04,60,10.0615,0,1
2025-09-15 14:00:00,2025-09-15,B,Line-2,LOT20250915-04,60,10.1626,0,1
2025-09-15 14:00:00,2025-09-15,B,Line-2,LOT20250915-04,60,10.1259,0,1
2025-09-16 08:00:00,2025-09-16,A,Line-1,LOT20250916-01,61,9.8342,0,1
2025-09-16 08:00:00,2025-09-16,A,Line-1,LOT20250916-01,61,9.888,0,1
2025-09-16 08:00:00,2025-09-16,A,Line-1,LOT20250916-01,61,10.1495,0,1
2025-09-16 08:00:00,2025-09-16,A,Line-1,LOT20250916-01,61,10.1221,0,1
2025-09-16 08:00:00,2025-09-16,A,Line-1,LOT20250916-01,61,9.9958,0,1
2025-09-16 10:00:00,2025-09-16,B,Line-2,LOT20250916-02,62,10.0235,0,1
2025-09-16 10:00:00,2025-09-16,B,Line-2,LOT20250916-02,62,10.2555,0,1
2025-09-16 10:00:00,2025-09-16,B,Line-2,LOT20250916-02,62,9.8817,0,1
2025-09-16 10:00:00,2025-09-16,B,Line-2,LOT20250916-02,62,10.1094,0,1
2025-09-16 10:00:00,2025-09-16,B,Line-2,LOT20250916-02,62,9.9596,0,1
2025-09-16 12:00:00,2025-09-16,A,Line-1,LOT20250916-03,63,9.9565,0,1
2025-09-16 12:00:00,2025-09-16,A,Line-1,LOT20250916-03,63,10.2198,0,1
2025-09-16 12:00:00,2025-09-16,A,Line-1,LOT20250916-03,63,10.1651,0,1
2025-09-16 12:00:00,2025-09-16,A,Line-1,LOT20250916-03,63,10.1627,0,1
2025-09-16 12:00:00,2025-09-16,A,Line-1,LOT20250916-03,63,10.2611,0,1
2025-09-16 14:00:00,2025-09-16,B,Line-2,LOT20250916-04,64,10.0042,0,1
2025-09-16 14:00:00,2025-09-16,B,Line-2,LOT20250916-04,64,10.1364,0,1
2025-09-16 14:00:00,2025-09-16,B,Line-2,LOT20250916-04,64,9.9379,0,1
2025-09-16 14:00:00,2025-09-16,B,Line-2,LOT20250916-04,64,10.0648,0,1
2025-09-16 14:00:00,2025-09-16,B,Line-2,LOT20250916-04,64,9.974,0,1
2025-09-17 08:00:00,2025-09-17,A,Line-1,LOT20250917-01,65,10.1794,0,1
2025-09-17 08:00:00,2025-09-17,A,Line-1,LOT20250917-01,65,10.279,0,1
2025-09-17 08:00:00,2025-09-17,A,Line-1,LOT20250917-01,65,9.9964,0,1
2025-09-17 08:00:00,2025-09-17,A,Line-1,LOT20250917-01,65,10.5785,1,1
2025-09-17 08:00:00,2025-09-17,A,Line-1,LOT20250917-01,65,9.9588,0,1
2025-09-17 10:00:00,2025-09-17,B,Line-2,LOT20250917-02,66,9.9172,0,1
2025-09-17 10:00:00,2025-09-17,B,Line-2,LOT20250917-02,66,10.3916,0,1
2025-09-17 10:00:00,2025-09-17,B,Line-2,LOT20250917-02,66,10.3183,0,1
2025-09-17 10:00:00,2025-09-17,B,Line-2,LOT20250917-02,66,10.2848,0,1
2025-09-17 10:00:00,2025-09-17,B,Line-2,LOT20250917-02,66,10.2857,0,1
2025-09-17 12:00:00,2025-09-17,A,Line-1,LOT20250917-03,67,10.1576,0,1
2025-09-17 12:00:00,2025-09-17,A,Line-1,LOT20250917-03,67,9.9805,0,1
2025-09-17 12:00:00,2025-09-17,A,Line-1,LOT20250917-03,67,10.1752,0,1
2025-09-17 12:00:00,2025-09-17,A,Line-1,LOT20250917-03,67,10.0246,0,1
2025-09-17 12:00:00,2025-09-17,A,Line-1,LOT20250917-03,67,10.355,0,1
2025-09-17 14:00:00,2025-09-17,B,Line-2,LOT20250917-04,68,10.1306,0,1
2025-09-17 14:00:00,2025-09-17,B,Line-2,LOT20250917-04,68,9.9949,0,1
2025-09-17 14:00:00,2025-09-17,B,Line-2,LOT20250917-04,68,10.0957,0,1
2025-09-17 14:00:00,2025-09-17,B,Line-2,LOT20250917-04,68,10.2426,0,1
2025-09-17 14:00:00,2025-09-17,B,Line-2,LOT20250917-04,68,10.0473,0,1
2025-09-18 08:00:00,2025-09-18,A,Line-1,LOT20250918-01,69,10.0056,0,1
2025-09-18 08:00:00,2025-09-18,A,Line-1,LOT20250918-01,69,10.2187,0,1
2025-09-18 08:00:00,2025-09-18,A,Line-1,LOT20250918-01,69,10.219,0,1
2025-09-18 08:00:00,2025-09-18,A,Line-1,LOT20250918-01,69,10.0686,0,1
2025-09-18 08:00:00,2025-09-18,A,Line-1,LOT20250918-01,69,10.0758,0,1
2025-09-18 10:00:00,2025-09-18,B,Line-2,LOT20250918-02,70,10.2164,0,1
2025-09-18 10:00:00,2025-09-18,B,Line-2,LOT20250918-02,70,9.8804,0,1
2025-09-18 10:00:00,2025-09-18,B,Line-2,LOT20250918-02,70,9.8885,0,1
2025-09-18 10:00:00,2025-09-18,B,Line-2,LOT20250918-02,70,10.0263,0,1
2025-09-18 10:00:00,2025-09-18,B,Line-2,LOT20250918-02,70,10.1273,0,1
2025-09-18 12:00:00,2025-09-18,A,Line-1,LOT20250918-03,71,10.2322,0,1
2025-09-18 12:00:00,2025-09-18,A,Line-1,LOT20250918-03,71,10.4651,0,1
2025-09-18 12:00:00,2025-09-18,A,Line-1,LOT20250918-03,71,10.3415,0,1
2025-09-18 12:00:00,2025-09-18,A,Line-1,LOT20250918-03,71,10.138,0,1
2025-09-18 12:00:00,2025-09-18,A,Line-1,LOT20250918-03,71,10.1662,0,1
2025-09-18 14:00:00,2025-09-18,B,Line-2,LOT20250918-04,72,9.9695,0,1
2025-09-18 14:00:00,2025-09-18,B,Line-2,LOT20250918-04,72,10.1663,0,1
2025-09-18 14:00:00,2025-09-18,B,Line-2,LOT20250918-04,72,10.1123,0,1
2025-09-18 14:00:00,2025-09-18,B,Line-2,LOT20250918-04,72,10.2345,0,1
2025-09-18 14:00:00,2025-09-18,B,Line-2,LOT20250918-04,72,10.0046,0,1
2025-09-19 08:00:00,2025-09-19,A,Line-1,LOT20250919-01,73,10.2839,0,1
2025-09-19 08:00:00,2025-09-19,A,Line-1,LOT20250919-01,73,10.4865,0,1
2025-09-19 08:00:00,2025-09-19,A,Line-1,LOT20250919-01,73,10.1582,0,1
2025-09-19 08:00:00,2025-09-19,A,Line-1,LOT20250919-01,73,10.2603,0,1
2025-09-19 08:00:00,2025-09-19,A,Line-1,LOT20250919-01,73,10.318,0,1
2025-09-19 10:00:00,2025-09-19,B,Line-2,LOT20250919-02,74,10.0998,0,1
2025-09-19 10:00:00,2025-09-19,B,Line-2,LOT20250919-02,74,10.2248,0,1
2025-09-19 10:00:00,2025-09-19,B,Line-2,LOT20250919-02,74,10.1825,0,1
2025-09-19 10:00:00,2025-09-19,B,Line-2,LOT20250919-02,74,10.1995,0,1
2025-09-19 10:00:00,2025-09-19,B,Line-2,LOT20250919-02,74,10.0254,0,1
2025-09-19 12:00:00,2025-09-19,A,Line-1,LOT20250919-03,75,10.1849,0,1
2025-09-19 12:00:00,2025-09-19,A,Line-1,LOT20250919-03,75,10.2796,0,1
2025-09-19 12:00:00,2025-09-19,A,Line-1,LOT20250919-03,75,10.4702,0,1
2025-09-19 12:00:00,2025-09-19,A,Line-1,LOT20250919-03,75,10.3719,0,1
2025-09-19 12:00:00,2025-09-19,A,Line-1,LOT20250919-03,75,10.6106,1,1
2025-09-19 14:00:00,2025-09-19,B,Line-2,LOT20250919-04,76,10.0265,0,1
2025-09-19 14:00:00,2025-09-19,B,Line-2,LOT20250919-04,76,10.3545,0,1
2025-09-19 14:00:00,2025-09-19,B,Line-2,LOT20250919-04,76,10.2167,0,1
2025-09-19 14:00:00,2025-09-19,B,Line-2,LOT20250919-04,76,10.618,1,1
2025-09-19 14:00:00,2025-09-19,B,Line-2,LOT20250919-04,76,10.0183,0,1
2025-09-20 08:00:00,2025-09-20,A,Line-1,LOT20250920-01,77,10.0221,0,1
2025-09-20 08:00:00,2025-09-20,A,Line-1,LOT20250920-01,77,10.0701,0,1
2025-09-20 08:00:00,2025-09-20,A,Line-1,LOT20250920-01,77,9.7652,0,1
2025-09-20 08:00:00,2025-09-20,A,Line-1,LOT20250920-01,77,10.0848,0,1
2025-09-20 08:00:00,2025-09-20,A,Line-1,LOT20250920-01,77,10.0382,0,1
2025-09-20 10:00:00,2025-09-20,B,Line-2,LOT20250920-02,78,10.2201,0,1
2025-09-20 10:00:00,2025-09-20,B,Line-2,LOT20250920-02,78,10.2584,0,1
2025-09-20 10:00:00,2025-09-20,B,Line-2,LOT20250920-02,78,10.5652,1,1
2025-09-20 10:00:00,2025-09-20,B,Line-2,LOT20250920-02,78,10.3801,0,1
2025-09-20 10:00:00,2025-09-20,B,Line-2,LOT20250920-02,78,10.0746,0,1
2025-09-20 12:00:00,2025-09-20,A,Line-1,LOT20250920-03,79,10.0103,0,1
2025-09-20 12:00:00,2025-09-20,A,Line-1,LOT20250920-03,79,10.2884,0,1
2025-09-20 12:00:00,2025-09-20,A,Line-1,LOT20250920-03,79,9.926,0,1
2025-09-20 12:00:00,2025-09-20,A,Line-1,LOT20250920-03,79,10.5563,1,1
2025-09-20 12:00:00,2025-09-20,A,Line-1,LOT20250920-03,79,10.4259,0,1
2025-09-20 14:00:00,2025-09-20,B,Line-2,LOT20250920-04,80,10.0962,0,1
2025-09-20 14:00:00,2025-09-20,B,Line-2,LOT20250920-04,80,9.8474,0,1
2025-09-20 14:00:00,2025-09-20,B,Line-2,LOT20250920-04,80,10.4608,0,1
2025-09-20 14:00:00,2025-09-20,B,Line-2,LOT20250920-04,80,10.1671,0,1
2025-09-20 14:00:00,2025-09-20,B,Line-2,LOT20250920-04,80,10.4376,0,1
2025-09-21 08:00:00,2025-09-21,A,Line-1,LOT20250921-01,81,9.8811,0,1
2025-09-21 08:00:00,2025-09-21,A,Line-1,LOT20250921-01,81,10.0801,0,1
2025-09-21 08:00:00,2025-09-21,A,Line-1,LOT20250921-01,81,10.201,0,1
2025-09-21 08:00:00,2025-09-21,A,Line-1,LOT20250921-01,81,10.2094,0,1
2025-09-21 08:00:00,2025-09-21,A,Line-1,LOT20250921-01,81,10.11,0,1
2025-09-21 10:00:00,2025-09-21,B,Line-2,LOT20250921-02,82,10.3246,0,1
2025-09-21 10:00:00,2025-09-21,B,Line-2,LOT20250921-02,82,9.9865,0,1
2025-09-21 10:00:00,2025-09-21,B,Line-2,LOT20250921-02,82,10.1715,0,1
2025-09-21 10:00:00,2025-09-21,B,Line-2,LOT20250921-02,82,10.2241,0,1
2025-09-21 10:00:00,2025-09-21,B,Line-2,LOT20250921-02,82,10.3029,0,1
2025-09-21 12:00:00,2025-09-21,A,Line-1,LOT20250921-03,83,10.3423,0,1
2025-09-21 12:00:00,2025-09-21,A,Line-1,LOT20250921-03,83,9.9751,0,1
2025-09-21 12:00:00,2025-09-21,A,Line-1,LOT20250921-03,83,9.8932,0,1
2025-09-21 12:00:00,2025-09-21,A,Line-1,LOT20250921-03,83,10.4555,0,1
2025-09-21 12:00:00,2025-09-21,A,Line-1,LOT20250921-03,83,10.2665,0,1
2025-09-21 14:00:00,2025-09-21,B,Line-2,LOT20250921-04,84,10.0503,0,1
2025-09-21 14:00:00,2025-09-21,B,Line-2,LOT20250921-04,84,10.5102,1,1
2025-09-21 14:00:00,2025-09-21,B,Line-2,LOT20250921-04,84,10.2231,0,1
2025-09-21 14:00:00,2025-09-21,B,Line-2,LOT20250921-04,84,10.4359,0,1
2025-09-21 14:00:00,2025-09-21,B,Line-2,LOT20250921-04,84,10.2135,0,1
2025-09-22 08:00:00,2025-09-22,A,Line-1,LOT20250922-01,85,10.6221,1,1
2025-09-22 08:00:00,2025-09-22,A,Line-1,LOT20250922-01,85,10.5611,1,1
2025-09-22 08:00:00,2025-09-22,A,Line-1,LOT20250922-01,85,10.1602,0,1
2025-09-22 08:00:00,2025-09-22,A,Line-1,LOT20250922-01,85,10.4043,0,1
2025-09-22 08:00:00,2025-09-22,A,Line-1,LOT20250922-01,85,10.3391,0,1
2025-09-22 10:00:00,2025-09-22,B,Line-2,LOT20250922-02,86,10.4837,0,1
2025-09-22 10:00:00,2025-09-22,B,Line-2,LOT20250922-02,86,10.017,0,1
2025-09-22 10:00:00,2025-09-22,B,Line-2,LOT20250922-02,86,10.3472,0,1
2025-09-22 10:00:00,2025-09-22,B,Line-2,LOT20250922-02,86,10.4217,0,1
2025-09-22 10:00:00,2025-09-22,B,Line-2,LOT20250922-02,86,9.8583,0,1
2025-09-22 12:00:00,2025-09-22,A,Line-1,LOT20250922-03,87,9.9733,0,1
2025-09-22 12:00:00,2025-09-22,A,Line-1,LOT20250922-03,87,9.8022,0,1
2025-09-22 12:00:00,2025-09-22,A,Line-1,LOT20250922-03,87,10.1561,0,1
2025-09-22 12:00:00,2025-09-22,A,Line-1,LOT20250922-03,87,10.3535,0,1
2025-09-22 12:00:00,2025-09-22,A,Line-1,LOT20250922-03,87,10.5105,1,1
2025-09-22 14:00:00,2025-09-22,B,Line-2,LOT20250922-04,88,10.2248,0,1
2025-09-22 14:00:00,2025-09-22,B,Line-2,LOT20250922-04,88,10.5357,1,1
2025-09-22 14:00:00,2025-09-22,B,Line-2,LOT20250922-04,88,9.934,0,1
2025-09-22 14:00:00,2025-09-22,B,Line-2,LOT20250922-04,88,9.8693,0,1
2025-09-22 14:00:00,2025-09-22,B,Line-2,LOT20250922-04,88,10.1989,0,1
2025-09-23 08:00:00,2025-09-23,A,Line-1,LOT20250923-01,89,10.2968,0,1
2025-09-23 08:00:00,2025-09-23,A,Line-1,LOT20250923-01,89,10.2135,0,1
2025-09-23 08:00:00,2025-09-23,A,Line-1,LOT20250923-01,89,9.8065,0,1
2025-09-23 08:00:00,2025-09-23,A,Line-1,LOT20250923-01,89,10.2022,0,1
2025-09-23 08:00:00,2025-09-23,A,Line-1,LOT20250923-01,89,9.9591,0,1
2025-09-23 10:00:00,2025-09-23,B,Line-2,LOT20250923-02,90,10.3539,0,1
2025-09-23 10:00:00,2025-09-23,B,Line-2,LOT20250923-02,90,10.2933,0,1
2025-09-23 10:00:00,2025-09-23,B,Line-2,LOT20250923-02,90,10.032,0,1
2025-09-23 10:00:00,2025-09-23,B,Line-2,LOT20250923-02,90,10.1172,0,1
2025-09-23 10:00:00,2025-09-23,B,Line-2,LOT20250923-02,90,10.0082,0,1
2025-09-23 12:00:00,2025-09-23,A,Line-1,LOT20250923-03,91,10.2075,0,1
2025-09-23 12:00:00,2025-09-23,A,Line-1,LOT20250923-03,91,10.411,0,1
2025-09-23 12:00:00,2025-09-23,A,Line-1,LOT20250923-03,91,10.0229,0,1
2025-09-23 12:00:00,2025-09-23,A,Line-1,LOT20250923-03,91,10.3208,0,1
2025-09-23 12:00:00,2025-09-23,A,Line-1,LOT20250923-03,91,10.1139,0,1
2025-09-23 14:00:00,2025-09-23,B,Line-2,LOT20250923-04,92,10.0614,0,1
2025-09-23 14:00:00,2025-09-23,B,Line-2,LOT20250923-04,92,10.1986,0,1
2025-09-23 14:00:00,2025-09-23,B,Line-2,LOT20250923-04,92,10.013,0,1
2025-09-23 14:00:00,2025-09-23,B,Line-2,LOT20250923-04,92,10.1093,0,1
2025-09-23 14:00:00,2025-09-23,B,Line-2,LOT20250923-04,92,9.9804,0,1
2025-09-24 08:00:00,2025-09-24,A,Line-1,LOT20250924-01,93,10.6229,1,1
2025-09-24 08:00:00,2025-09-24,A,Line-1,LOT20250924-01,93,10.2371,0,1
2025-09-24 08:00:00,2025-09-24,A,Line-1,LOT20250924-01,93,10.0901,0,1
2025-09-24 08:00:00,2025-09-24,A,Line-1,LOT20250924-01,93,10.2728,0,1
2025-09-24 08:00:00,2025-09-24,A,Line-1,LOT20250924-01,93,10.2075,0,1
2025-09-24 10:00:00,2025-09-24,B,Line-2,LOT20250924-02,94,10.1858,0,1
2025-09-24 10:00:00,2025-09-24,B,Line-2,LOT20250924-02,94,10.3528,0,1
2025-09-24 10:00:00,2025-09-24,B,Line-2,LOT20250924-02,94,10.3815,0,1
2025-09-24 10:00:00,2025-09-24,B,Line-2,LOT20250924-02,94,10.1239,0,1
2025-09-24 10:00:00,2025-09-24,B,Line-2,LOT20250924-02,94,10.1148,0,1
2025-09-24 12:00:00,2025-09-24,A,Line-1,LOT20250924-03,95,10.175,0,1
2025-09-24 12:00:00,2025-09-24,A,Line-1,LOT20250924-03,95,9.7696,0,1
2025-09-24 12:00:00,2025-09-24,A,Line-1,LOT20250924-03,95,9.927,0,1
2025-09-24 12:00:00,2025-09-24,A,Line-1,LOT20250924-03,95,10.5034,1,1
2025-09-24 12:00:00,2025-09-24,A,Line-1,LOT20250924-03,95,10.559,1,1
2025-09-24 14:00:00,2025-09-24,B,Line-2,LOT20250924-04,96,10.1802,0,1
2025-09-24 14:00:00,2025-09-24,B,Line-2,LOT20250924-04,96,10.3453,0,1
2025-09-24 14:00:00,2025-09-24,B,Line-2,LOT20250924-04,96,10.2923,0,1
2025-09-24 14:00:00,2025-09-24,B,Line-2,LOT20250924-04,96,10.8458,1,1
2025-09-24 14:00:00,2025-09-24,B,Line-2,LOT20250924-04,96,10.4539,0,1
2025-09-25 08:00:00,2025-09-25,A,Line-1,LOT20250925-01,97,10.2144,0,1
2025-09-25 08:00:00,2025-09-25,A,Line-1,LOT20250925-01,97,10.0489,0,1
2025-09-25 08:00:00,2025-09-25,A,Line-1,LOT20250925-01,97,9.9187,0,1
2025-09-25 08:00:00,2025-09-25,A,Line-1,LOT20250925-01,97,10.2807,0,1
2025-09-25 08:00:00,2025-09-25,A,Line-1,LOT20250925-01,97,10.0887,0,1
2025-09-25 10:00:00,2025-09-25,B,Line-2,LOT20250925-02,98,9.9555,0,1
2025-09-25 10:00:00,2025-09-25,B,Line-2,LOT20250925-02,98,10.1107,0,1
2025-09-25 10:00:00,2025-09-25,B,Line-2,LOT20250925-02,98,10.0237,0,1
2025-09-25 10:00:00,2025-09-25,B,Line-2,LOT20250925-02,98,10.5774,1,1
2025-09-25 10:00:00,2025-09-25,B,Line-2,LOT20250925-02,98,10.4163,0,1
2025-09-25 12:00:00,2025-09-25,A,Line-1,LOT20250925-03,99,10.2384,0,1
2025-09-25 12:00:00,2025-09-25,A,Line-1,LOT20250925-03,99,10.536,1,1
2025-09-25 12:00:00,2025-09-25,A,Line-1,LOT20250925-03,99,10.2555,0,1
2025-09-25 12:00:00,2025-09-25,A,Line-1,LOT20250925-03,99,10.0677,0,1
2025-09-25 12:00:00,2025-09-25,A,Line-1,LOT20250925-03,99,10.5446,1,1
2025-09-25 14:00:00,2025-09-25,B,Line-2,LOT20250925-04,100,10.3478,0,1
2025-09-25 14:00:00,2025-09-25,B,Line-2,LOT20250925-04,100,10.0326,0,1
2025-09-25 14:00:00,2025-09-25,B,Line-2,LOT20250925-04,100,10.2019,0,1
2025-09-25 14:00:00,2025-09-25,B,Line-2,LOT20250925-04,100,10.0649,0,1
2025-09-25 14:00:00,2025-09-25,B,Line-2,LOT20250925-04,100,9.9634,0,1
2025-09-26 08:00:00,2025-09-26,A,Line-1,LOT20250926-01,101,10.4352,0,1
2025-09-26 08:00:00,2025-09-26,A,Line-1,LOT20250926-01,101,10.6319,1,1
2025-09-26 08:00:00,2025-09-26,A,Line-1,LOT20250926-01,101,9.9703,0,1
2025-09-26 08:00:00,2025-09-26,A,Line-1,LOT20250926-01,101,10.3626,0,1
2025-09-26 08:00:00,2025-09-26,A,Line-1,LOT20250926-01,101,10.1199,0,1
2025-09-26 10:00:00,2025-09-26,B,Line-2,LOT20250926-02,102,10.1526,0,1
2025-09-26 10:00:00,2025-09-26,B,Line-2,LOT20250926-02,102,10.1315,0,1
2025-09-26 10:00:00,2025-09-26,B,Line-2,LOT20250926-02,102,10.0772,0,1
2025-09-26 10:00:00,2025-09-26,B,Line-2,LOT20250926-02,102,10.2597,0,1
2025-09-26 10:00:00,2025-09-26,B,Line-2,LOT20250926-02,102,10.0838,0,1
2025-09-26 12:00:00,2025-09-26,A,Line-1,LOT20250926-03,103,10.3041,0,1
2025-09-26 12:00:00,2025-09-26,A,Line-1,LOT20250926-03,103,10.24,0,1
2025-09-26 12:00:00,2025-09-26,A,Line-1,LOT20250926-03,103,10.2022,0,1
2025-09-26 12:00:00,2025-09-26,A,Line-1,LOT20250926-03,103,10.0685,0,1
2025-09-26 12:00:00,2025-09-26,A,Line-1,LOT20250926-03,103,10.1346,0,1
2025-09-26 14:00:00,2025-09-26,B,Line-2,LOT20250926-04,104,10.4011,0,1
2025-09-26 14:00:00,2025-09-26,B,Line-2,LOT20250926-04,104,10.3502,0,1
2025-09-26 14:00:00,2025-09-26,B,Line-2,LOT20250926-04,104,10.0545,0,1
2025-09-26 14:00:00,2025-09-26,B,Line-2,LOT20250926-04,104,10.2699,0,1
2025-09-26 14:00:00,2025-09-26,B,Line-2,LOT20250926-04,104,10.4003,0,1
2025-09-27 08:00:00,2025-09-27,A,Line-1,LOT20250927-01,105,9.9261,0,1
2025-09-27 08:00:00,2025-09-27,A,Line-1,LOT20250927-01,105,10.3687,0,1
2025-09-27 08:00:00,2025-09-27,A,Line-1,LOT20250927-01,105,10.1275,0,1
2025-09-27 08:00:00,2025-09-27,A,Line-1,LOT20250927-01,105,10.3741,0,1
2025-09-27 08:00:00,2025-09-27,A,Line-1,LOT20250927-01,105,10.1073,0,1
2025-09-27 10:00:00,2025-09-27,B,Line-2,LOT20250927-02,106,9.899,0,1
2025-09-27 10:00:00,2025-09-27,B,Line-2,LOT20250927-02,106,9.9345,0,1
2025-09-27 10:00:00,2025-09-27,B,Line-2,LOT20250927-02,106,10.2696,0,1
2025-09-27 10:00:00,2025-09-27,B,Line-2,LOT20250927-02,106,10.3119,0,1
2025-09-27 10:00:00,2025-09-27,B,Line-2,LOT20250927-02,106,10.0791,0,1
2025-09-27 12:00:00,2025-09-27,A,Line-1,LOT20250927-03,107,10.3877,0,1
2025-09-27 12:00:00,2025-09-27,A,Line-1,LOT20250927-03,107,9.9277,0,1
2025-09-27 12:00:00,2025-09-27,A,Line-1,LOT20250927-03,107,10.2468,0,1
2025-09-27 12:00:00,2025-09-27,A,Line-1,LOT20250927-03,107,10.0178,0,1
2025-09-27 12:00:00,2025-09-27,A,Line-1,LOT20250927-03,107,10.1296,0,1
2025-09-27 14:00:00,2025-09-27,B,Line-2,LOT20250927-04,108,10.2695,0,1
2025-09-27 14:00:00,2025-09-27,B,Line-2,LOT20250927-04,108,10.0879,0,1
2025-09-27 14:00:00,2025-09-27,B,Line-2,LOT20250927-04,108,10.1831,0,1
2025-09-27 14:00:00,2025-09-27,B,Line-2,LOT20250927-04,108,10.4613,0,1
2025-09-27 14:00:00,2025-09-27,B,Line-2,LOT20250927-04,108,10.1446,0,1
2025-09-28 08:00:00,2025-09-28,A,Line-1,LOT20250928-01,109,10.4371,0,1
2025-09-28 08:00:00,2025-09-28,A,Line-1,LOT20250928-01,109,10.0441,0,1
2025-09-28 08:00:00,2025-09-28,A,Line-1,LOT20250928-01,109,10.376,0,1
2025-09-28 08:00:00,2025-09-28,A,Line-1,LOT20250928-01,109,10.5583,1,1
2025-09-28 08:00:00,2025-09-28,A,Line-1,LOT20250928-01,109,9.7757,0,1
2025-09-28 10:00:00,2025-09-28,B,Line-2,LOT20250928-02,110,10.1106,0,1
2025-09-28 10:00:00,2025-09-28,B,Line-2,LOT20250928-02,110,10.3854,0,1
2025-09-28 10:00:00,2025-09-28,B,Line-2,LOT20250928-02,110,10.2294,0,1
2025-09-28 10:00:00,2025-09-28,B,Line-2,LOT20250928-02,110,10.3442,0,1
2025-09-28 10:00:00,2025-09-28,B,Line-2,LOT20250928-02,110,10.1492,0,1
2025-09-28 12:00:00,2025-09-28,A,Line-1,LOT20250928-03,111,10.2873,0,1
2025-09-28 12:00:00,2025-09-28,A,Line-1,LOT20250928-03,111,10.2389,0,1
2025-09-28 12:00:00,2025-09-28,A,Line-1,LOT20250928-03,111,10.5036,1,1
2025-09-28 12:00:00,2025-09-28,A,Line-1,LOT20250928-03,111,10.3209,0,1
2025-09-28 12:00:00,2025-09-28,A,Line-1,LOT20250928-03,111,10.3375,0,1
2025-09-28 14:00:00,2025-09-28,B,Line-2,LOT20250928-04,112,10.1876,0,1
2025-09-28 14:00:00,2025-09-28,B,Line-2,LOT20250928-04,112,10.1725,0,1
2025-09-28 14:00:00,2025-09-28,B,Line-2,LOT20250928-04,112,10.1835,0,1
2025-09-28 14:00:00,2025-09-28,B,Line-2,LOT20250928-04,112,10.3489,0,1
2025-09-28 14:00:00,2025-09-28,B,Line-2,LOT20250928-04,112,10.1858,0,1
2025-09-29 08:00:00,2025-09-29,A,Line-1,LOT20250929-01,113,10.338,0,1
2025-09-29 08:00:00,2025-09-29,A,Line-1,LOT20250929-01,113,10.6951,1,1
2025-09-29 08:00:00,2025-09-29,A,Line-1,LOT20250929-01,113,10.4542,0,1
2025-09-29 08:00:00,2025-09-29,A,Line-1,LOT20250929-01,113,10.2148,0,1
2025-09-29 08:00:00,2025-09-29,A,Line-1,LOT20250929-01,113,10.5202,1,1
2025-09-29 10:00:00,2025-09-29,B,Line-2,LOT20250929-02,114,10.1984,0,1
2025-09-29 10:00:00,2025-09-29,B,Line-2,LOT20250929-02,114,9.8724,0,1
2025-09-29 10:00:00,2025-09-29,B,Line-2,LOT20250929-02,114,10.0784,0,1
2025-09-29 10:00:00,2025-09-29,B,Line-2,LOT20250929-02,114,9.9058,0,1
2025-09-29 10:00:00,2025-09-29,B,Line-2,LOT20250929-02,114,10.2097,0,1
2025-09-29 12:00:00,2025-09-29,A,Line-1,LOT20250929-03,115,10.2837,0,1
2025-09-29 12:00:00,2025-09-29,A,Line-1,LOT20250929-03,115,10.6153,1,1
2025-09-29 12:00:00,2025-09-29,A,Line-1,LOT20250929-03,115,10.3454,0,1
2025-09-29 12:00:00,2025-09-29,A,Line-1,LOT20250929-03,115,10.2362,0,1
2025-09-29 12:00:00,2025-09-29,A,Line-1,LOT20250929-03,115,10.4459,0,1
2025-09-29 14:00:00,2025-09-29,B,Line-2,LOT20250929-04,116,9.8378,0,1
2025-09-29 14:00:00,2025-09-29,B,Line-2,LOT20250929-04,116,10.3271,0,1
2025-09-29 14:00:00,2025-09-29,B,Line-2,LOT20250929-04,116,10.4342,0,1
2025-09-29 14:00:00,2025-09-29,B,Line-2,LOT20250929-04,116,9.9843,0,1
2025-09-29 14:00:00,2025-09-29,B,Line-2,LOT20250929-04,116,10.5088,1,1
2025-09-30 08:00:00,2025-09-30,A,Line-1,LOT20250930-01,117,10.3577,0,1
2025-09-30 08:00:00,2025-09-30,A,Line-1,LOT20250930-01,117,10.2069,0,1
2025-09-30 08:00:00,2025-09-30,A,Line-1,LOT20250930-01,117,10.4166,0,1
2025-09-30 08:00:00,2025-09-30,A,Line-1,LOT20250930-01,117,10.7441,1,1
2025-09-30 08:00:00,2025-09-30,A,Line-1,LOT20250930-01,117,10.3264,0,1
2025-09-30 10:00:00,2025-09-30,B,Line-2,LOT20250930-02,118,10.3396,0,1
2025-09-30 10:00:00,2025-09-30,B,Line-2,LOT20250930-02,118,10.1981,0,1
2025-09-30 10:00:00,2025-09-30,B,Line-2,LOT20250930-02,118,10.12,0,1
2025-09-30 10:00:00,2025-09-30,B,Line-2,LOT20250930-02,118,10.4561,0,1
2025-09-30 10:00:00,2025-09-30,B,Line-2,LOT20250930-02,118,10.1188,0,1
2025-09-30 12:00:00,2025-09-30,A,Line-1,LOT20250930-03,119,10.3043,0,1
2025-09-30 12:00:00,2025-09-30,A,Line-1,LOT20250930-03,119,10.1945,0,1
2025-09-30 12:00:00,2025-09-30,A,Line-1,LOT20250930-03,119,10.3858,0,1
2025-09-30 12:00:00,2025-09-30,A,Line-1,LOT20250930-03,119,10.3567,0,1
2025-09-30 12:00:00,2025-09-30,A,Line-1,LOT20250930-03,119,10.4975,0,1
2025-09-30 14:00:00,2025-09-30,B,Line-2,LOT20250930-04,120,10.188,0,1
2025-09-30 14:00:00,2025-09-30,B,Line-2,LOT20250930-04,120,10.236,0,1
2025-09-30 14:00:00,2025-09-30,B,Line-2,LOT20250930-04,120,10.0942,0,1
2025-09-30 14:00:00,2025-09-30,B,Line-2,LOT20250930-04,120,10.2011,0,1
2025-09-30 14:00:00,2025-09-30,B,Line-2,LOT20250930-04,120,10.3655,0,1
